product_title,product_title
FURminator deShedding Tool,4732
"Omega Paw Self-Cleaning Litter Box, Green and Beige",2795
Angels' Eyes Tear-Stain Eliminator for Dogs and Cats,1889
Merial Frontline Plus Flea and Tick Control for Dogs and Puppies,1889
Premier Gentle Leader Head Dog Collar,1754
Petsafe Premier GentleSpray Citronella Anti-Bark Dog Collar,1386
Drinkwell Platinum Pet Fountain 168oz,1362
"FURminator deShedding Tool for Cats, 1.75-Inch Edge",1286
Kyjen Hide-A-Squirrel Puzzle Toy for Dogs,1246
Fashion Pet Suede Shearling Coat,1194
